Id_peli,Tipo,imdb_id,Titulo,Titulo original,Popularidad,Rating,Fecha,Duracion,Paises,Idioma,productoras_id,productoras_nombre,productoras_pais,Presupuesto,Ganancia,Generos,Director,Genero_dir,Casting,Genero_cast,Guion,Genero_guion,Montaje,Genero_montaje,DOP,Genero_dop,Resumen
402431.0,movie,tt1262426,Wicked,Wicked,674.858,6.893,2024-11-20,162,['US'],en,"[33, 2527]","['Universal Pictures', 'Marc Platt Productions']","['US', 'US']",150000000,717045270,"['Drama', 'Romance', 'Fantasy']",['Jon M. Chu'],[2],"['Cynthia Erivo', 'Ariana Grande', 'Jeff Goldblum', 'Michelle Yeoh', 'Jonathan Bailey', 'Ethan Slater', 'Marissa Bode', 'Peter Dinklage', 'Andy Nyman', 'Courtney-Mae Briggs', 'Bowen Yang', 'Bronwyn James', 'Aaron Teoh', 'Shaun Prendergast', 'Keala Settle', 'Sharon D. Clarke', 'Jenna Boyd', 'Colin Michael Carmichael', 'Lexi Lancaster', 'Arlo Turner', 'Joey Unitt', 'Bea Ward', 'Dereke Oladele', 'Sienna-Rose Amer', 'Tarik Frimpong', 'James Dryden', 'Malinda Parris', 'Noah Prempeh', 'Vicki Noon', 'Debbie Kurup', 'Jasmine McIvor', 'Hattie Ryan', 'Kirsty Anne Shaw', 'Karis Musongole', 'Cesily Collette Taylor', 'Jarlan Bogolubov', 'Isaac Bishop', 'Adam James', 'Alice Fearn', 'Clive Kneller', 'Michael McCorry Rose', 'Idina Menzel', 'Kristin Chenoweth', 'Robin Berry', 'Bobby Windebank', 'Cherida Strallen', 'Tom Kitely', 'Elizabeth Dulau', 'Kim Durham', 'Jennifer Woodward', 'Stephen Stanton', 'Aaliyah Baker', 'Aaron Bryan', 'Aaron Witter', 'Abbie Brown', 'Adam Crossley', 'Ainsley Ricketts', 'Aleshia Williams', 'Alex Hatt', 'Alexander Thompson', 'Ama Rouge', 'Amber Doyle', 'Anders Deeno', 'Andi Vega', 'Andrew Kyrzyk', 'Andrew Parfitt', 'Angela Andrew', 'Angelica Gayle', 'Anna-Kay Gayle', 'Anthony James Bartlett', 'Antoinette Harrison', 'Arben GiGa Kapidani', 'Aristide Lyons', 'Armando Cruz', 'Ashleigh Honeyghan', 'Ashley Young', 'Aysia Trinity Ianiero', 'Becky Wong', 'Benjamin Williams', 'Beth Hinton', 'Beth John', 'Bianca Melchior', 'Billy Sawyer', 'Bismark Anobah', 'Blue Makwana', 'Bogdan Pascal', 'Bradley Salter', 'Bradley Charles', 'Brittani Ferneyhough', 'Brooke Milliner', 'Busola Peters', 'Callum Clack', 'Camone Bleu Gordon', 'Carl Parris', 'Cece Nama', 'Chanelle Anthony', 'Charlie Goddard', 'Charlie Waddell', 'Charlotte Dickinson', 'Charlotte Wildrianne', 'Charlotte Wilmott', 'Che Barrett-Davis', 'Chima Akenzua', 'Chloe Kibble', 'Chris Arias', 'Christie Lee Manning', 'Christopher Donnelly', 'Christopher Matthews', 'Christopher Scott', 'Clarissa Hagan', 'Cleve September', 'Colleen Joseph', 'Collette Guitart', 'Comfort Fedoke', 'Connor Tidman', 'Corrinne Bougaard', 'Craig Stein', 'Cruze Philip', 'Crystal Jones', 'Daisy Reynolds', 'Dalvin Sollberger', 'Daniel Rae', 'Daniela Monteiro', 'Daniella Beltrami', 'Darron Gifty', 'David Cottle', 'Dean Street', 'Demitri Lampra', 'Denzil Sampson', 'Dollie Henry', 'Ed Munro', 'Eddie Saleem', 'Ediz Ibrahim', 'Edward Scott', 'Elise Bickley', 'Eliza Hart', 'Ella Goodwin', 'Ella Nonini', 'Emer Walsh', 'Emi Ichikawa', 'Emilio Dosal', 'Emily Haygarth', 'Emily Kenwright', 'Emily Plews', 'Emma Leigh-Rose', 'Erica Stubbs', 'Fabiane Leame', 'Fatou Bah', 'Faye Stoeser', 'Federica Somma', 'Fortune Jordan', 'Frankie Johnson', 'Fred Folkes', 'Frederike Gerstner', 'Fumy Opeyemi', 'Garry Lee', 'Genevieve Heron', 'Glenn Hudson', 'Grace Hooper', 'Grace Hope', 'Gustave Die', 'Hannah Arbury', 'Hannah Bodenham', 'Hannah Kenna-Thomas', 'Hannah Levitt-Collins', 'Hannah Millott', 'Hannah Raynor', 'Hannah Veerapen', 'Harry Barnes', 'Hayley Jones', 'Helen Siveter', 'Hollie Dorman', 'Honey Makwana', 'Ian Harris', 'Ian Oswald', ""Idney De'Almeida"", 'Irene Salvi', 'Issac Baptiste', 'Jack Horner', 'Jack Whitehead', 'Jacqui Jameson', 'Jade Joan', 'Jaih Betote', 'Jakub Franasowicz', 'Jal Joshua', 'James Collins', 'James Davies-Williams', 'James Lambert', 'Jane Fowler', 'Janine Somcio', 'Jasmin Saulo', 'Jasmine Eccles', 'Jason Gilkison', 'Thanh Jason Nguyen', 'Jaye Marshall', 'Jennifer Mitchell', 'Jevan Howard-Jones', 'Joanna Goodwin', 'Joel Gooding', 'Johnny Bishop', 'Johnny White', 'Johnny White', 'Jon-Scott Clark', 'Jordan Franklin', 'Jordan Melchor', 'Jorge Antonio', 'Josh Lamb', 'Joshua Gadget', 'Kabuki Johnson', 'Kaela Owusu', 'Kailum Richardson', 'Kamila Zalewska', 'Kamira Samuel', 'Kanah Flex', 'Kane Horn', 'Kane Silver', 'Karen Hauer', 'Kate Ivory Jordan', 'Kaylor Lomas-Kirton', 'Kenji Matsunaga', 'Kenn Oldfield', 'Kenrick Sandy', 'Keron Proverbs', 'Kiera Brunton', 'Kieran Daley Ward', 'Kieran Lai', 'Kikz Katika', 'Kimberley Taylor', 'Kofi Mingo', 'LaShay Harvey', 'Laura Buckley', 'Laura Dougan', 'Lauren Fidget Haywood', 'Leah Hill', 'Lee Bridgman', 'Lillianna Clifton', 'Lily Louisa Field', 'Lily Wang', 'Lisa Spencer', 'Lukas McFarlane', 'Luke Jackson', 'Luke Randall', 'Lukus Alexander', 'Lynn Jung', 'Madison Davis', 'Martha Gimson', 'Mary Weah', 'Matthew Eudu', 'Matthew Koon', 'Matthew Miller', 'Matthew Rich', 'Maya King', 'Megan Charles', 'Megan Westpfel', 'Melody McAvoy', 'Mette Linturi', 'Michael John Burgess', 'Michael Naylor', 'Michele Zanette', 'Mike Fellows', 'Mikey Ureta', 'Mina Neighbour', 'Mira Jebari', 'Miranda Chambers', 'Misa Koide', 'Moe Sakan', 'Myron Birch', 'Nadia Sohawon', 'Naia Bautista', 'Naomi Patterson', 'Naomi Weijand', 'Natasha May-Thomas', 'Natasha Trigg', 'Neal Piron', 'Neave Harvey', 'Navaeh Morgan Alidjah', 'Nevin Cheung', 'Nicey Belgrave', 'Nicholas Stephen', 'Nicole Hastings', 'Nicole Valverde', 'Nimmz Riaz', 'Oliver Metzler', 'Oliver Wheeler', 'Olivia Beckford', 'Olu Alatise', 'Onyemachi Ejimofor', 'Page Barrington Bob', 'Paola Nyembo', 'Patience J', 'Paul N. Samuels', 'Peter Francis', 'Petra Hajduk', 'Philip Birchall', 'Prabhleen Oberoi', 'Rachel Gough', 'Ralitsa Chepisheva', 'Ramzan Miah', 'Reagen Masterson', 'Rebecca Giacopazzi', 'Reece Daniels', 'Remi Black', 'Renae Hughes', 'Renako McDonald', 'Ricardo Walker', 'Ricky Jinks', 'Robbie Griffith', 'Robia Milliner', 'Robyn Anne Wilson', 'Roxanne Milliner', 'Rufus Lacey', 'Ryan Lee Seager', 'Saffron Fisher', 'Sam Parry', 'Sam Salter', 'Samantha Shuma', 'Samuel Caleb Baxter', 'Samuel Constanti', 'Samuel Lawson', 'Samuel Newby', 'Sarah Seville', 'Sasha Shadid', 'Sasha Woodward', 'Sebastian Skov Andersen', 'Sera Maehara', 'Serena McCall', 'Shakirudeen Adewale Alade', 'Shanelle Clemenson', 'Shani Ross', 'Shanie Blais', 'Shawarah Battles', 'Shawn Aimey', 'Sophia McAvoy', 'Stephanie Powell', 'Stephen Dieyepiri Atemie', 'Stephen Quildan', 'Steven Pascua', 'Steven Thompson', 'Summer Strallen', 'Tamsier Joof Aviance', 'Tania Dimbelolo', 'Taylor Goodridge', 'Tegan Browne-Winter', 'Victory Ebinum', 'Marvel Ebinum', 'Theo Maddix', 'Theo Simpson', 'Tia Denton', 'Tia Holden', 'Tia J. Gribben', 'Tina Smallwood', 'Todd Holdsworth', 'Todd Talbot', 'Tom Mather', 'Tom Norman', 'Tonyé Scott-Obené', 'Tori Bew', 'Tyson Simon', 'Valeria Jauregui', 'Vanessa Vince-Pang', 'Vasilis Karayiannis', 'Vicky Leung', 'Will Loftis', 'Will West', 'Yasmin Cogan de Abreu', 'Yasmin Ogbu', 'Yves Cueni', 'Yvonne Evans', 'Zhanè Samuels', 'Zion Battles', 'Aisha Jawando', 'Caoimhe Fisher', 'Ellis Sutherland', 'Gabriel Mokake', 'Geoffrey Aymer', 'Jack Butterworth', 'Jarneia Richard-Noel', 'Jennifer Saayeng', 'Jonathan Bourne', 'Leah St Luce', 'Marilyn Cutts', 'Meesha Garbett', 'Melissa Jacques', 'Minal Patel', 'Paul Isles', 'Shem Omari James', 'Skylar Blu Copeland', 'Soophia Foroughi', 'Tafari Cazembe Edwards', 'Vishal Soni', 'Winnie Holzman', 'Terence Hughes', 'Jason Lines', 'Marvin Montoute', 'Stephen Schwartz', 'Ricardo Ludgero Souza', 'Alfredo Tavares', 'Poppy Townsend White']","[1, 1, 2, 1, 2, 2, 1, 2, 2, 1, 2, 1, 2, 2, 1, 1, 1, 2, 0, 2, 2, 1, 2, 1, 2, 2, 1, 2, 1, 1, 1, 1, 1, 1, 1, 2, 2, 2, 1, 2, 2, 1, 1, 2, 2, 1, 2, 1, 0, 1, 2, 0, 0, 0, 0, 0, 0, 0, 0, 0, 0, 0, 0, 0, 2, 0, 0, 0, 0, 0, 0, 0, 0, 0, 0, 1, 0, 0, 0, 1, 0, 1, 0, 0, 0, 0, 0, 0, 0, 0, 0, 0, 0, 0, 0, 0, 0, 0, 0, 0, 0, 0, 0, 1, 0, 0, 0, 0, 2, 0, 0, 0, 0, 1, 0, 0, 2, 0, 0, 0, 0, 0, 0, 0, 0, 0, 0, 0, 0, 0, 0, 0, 2, 0, 0, 0, 0, 0, 0, 0, 0, 0, 0, 0, 0, 0, 0, 1, 0, 0, 0, 0, 0, 0, 0, 0, 0, 0, 0, 0, 0, 0, 0, 1, 0, 0, 0, 0, 0, 0, 0, 0, 1, 0, 0, 0, 0, 0, 0, 0, 0, 0, 2, 0, 0, 0, 0, 0, 1, 0, 0, 0, 2, 0, 0, 0, 0, 0, 0, 0, 0, 2, 2, 0, 0, 0, 0, 0, 0, 0, 0, 0, 0, 0, 0, 0, 1, 1, 0, 0, 0, 0, 0, 0, 0, 0, 0, 0, 0, 0, 0, 0, 0, 0, 0, 0, 0, 0, 1, 0, 0, 0, 0, 0, 0, 0, 0, 0, 2, 0, 0, 0, 0, 0, 0, 0, 0, 0, 0, 0, 0, 0, 0, 1, 1, 0, 0, 1, 0, 0, 1, 0, 0, 0, 0, 0, 0, 0, 0, 0, 0, 0, 0, 2, 0, 0, 0, 0, 0, 0, 0, 0, 0, 0, 0, 0, 0, 2, 0, 0, 0, 0, 0, 0, 0, 0, 0, 0, 0, 0, 0, 0, 0, 0, 2, 0, 0, 0, 0, 0, 0, 0, 0, 0, 0, 0, 0, 0, 0, 1, 1, 0, 0, 0, 0, 0, 0, 0, 0, 0, 0, 0, 0, 0, 0, 0, 0, 0, 0, 0, 0, 0, 2, 0, 0, 0, 0, 0, 1, 0, 2, 0, 0, 2, 0, 0, 0, 0, 1, 0, 0, 0, 0, 0, 0, 0, 0, 1, 0, 0, 1, 1, 0, 2, 0, 0, 0, 0, 0, 0, 1, 0, 2, 2, 2, 2, 2, 1]","['Winnie Holzman', 'Dana Fox']","[1, 1]",['Myron Kerstein'],[2],['Alice Brooks'],[1],"In the land of Oz, ostracized and misunderstood green-skinned Elphaba is forced to share a room with the popular aristocrat Glinda at Shiz University, and the two's unlikely friendship is tested as they begin to fulfill their respective destinies as Glinda the Good and the Wicked Witch of the West."
933260.0,movie,tt17526714,The Substance,The Substance,1078.969,7.1,2024-09-07,141,"['GB', 'US']",en,"[10163, 233939, 221513]","['Working Title Films', 'Blacksmith', 'Working Title Films']","['GB', 'FR', 'US']",17500000,76506196,"['Horror', 'Science Fiction']",['Coralie Fargeat'],[1],"['Demi Moore', 'Margaret Qualley', 'Dennis Quaid', 'Edward Hamilton-Clark', 'Gore Abrams', 'Oscar Lesage', 'Christian Erickson', 'Robin Greer', 'Tom Morton', 'Hugo Diego Garcia', 'Daniel Knight', 'Jonathon Carley', 'Jiselle Henderkott', 'Akil Wingate', 'Vincent Colombe', 'Billy Bentley', 'Lennard Ridsdale', 'Jordan Ford Silver', 'Oscar Salem', 'Viviane Bossina', 'Matthew Luret', 'Jana Bittnerová', 'Olivier Raynal', 'Tiffany Hofstetter', 'Nicolas Royer', 'Nathan Rippy', 'Manon Arizmendi', 'Virginie Kotlinski', 'Brett Gillen', 'Charlotte Marquardt', 'Léa Hengl', 'Gaëlle Raymond', 'Claire Lemaire', 'Lila Boughoufala', 'Aurélien Lorgnier', 'Ivan Sellier', 'Philip Schurer', 'Christian Bourmier', 'Martin Graham', 'Christian Bordeleau', 'Patrick Hamel', 'Didier Dhondt', 'Jacques-Yves Dorges', 'Jean-Claude Matthey', 'Olivier Jarcin', 'Jean-Luc Magneron', 'Charlotte Murray', 'Aaron Kahn', 'Gabriela Arnon', 'Nancy Josephson Lahoussine', 'Andrew Eldridge', 'Denise Powers', 'Bryan Jones', 'Adam Carage', 'Maria McClurg', 'Andrew Desmond', 'Rebecca Lafont', 'Laura Puech', 'Ryan Chidester', 'Céline Vogt', 'Yannick Guérin', 'Jean Miel', 'Paul Descoings', 'Benoit Lévêque', 'Arthur Molinet', 'Manon Sachot', 'Bastien Jorelle', 'Kelly Hoarau', 'Michel Juskiewicz', 'Louise Greggory', 'Christophe Sartirano', 'Florent Torres', 'Romain Caldeira', 'Barthelemy Thomas', 'Axel Baille', 'Ashley Lambert', 'Ranjani Brow', 'Chase Fein', 'Shane Sweet', 'William Calvert', 'Michael Corbett', 'Stephen Apostolina', 'Yann Bean', 'Audjyan Alcide', 'Jonathan Jenvrin', 'Mimi Maury', 'Amelye Solange', 'Kévin Table', 'Laura Boera', 'Cissy Duc', 'Sophie Mercier', 'Marie Valton', 'Katrina Budzynski', 'Alicia Maury', 'Megane Adamik', 'Annalisa Pagnotta', 'Maelle Dantigny', 'Aleksandra Fontaine Kedzierska', 'Pauline Sagetat', 'Agustina Fitzsimons', 'Elena Shcheglova', 'Eve Marchant', 'Lola Donati', 'Kate Matthews', 'Ophélie Jonard', 'Pauline Richard', 'Laureen Cappelliez', 'Daria Panchenko', 'Delphine Beaulieu', 'Victoria Brun', 'Cara Chapman', 'Katharine Matthews', 'Alexandra Faget', 'Clémence Juville', ""Margot L'Entete"", 'Hillary Sukhonos', 'Matthew Géczy', 'Namory Bakayoko', 'Gregory Defleur', 'Coralie Fargeat']","[1, 1, 2, 2, 2, 2, 2, 2, 2, 0, 2, 0, 0, 0, 2, 2, 2, 2, 2, 1, 2, 1, 2, 1, 2, 2, 1, 1, 2, 1, 1, 1, 1, 1, 2, 2, 2, 2, 2, 2, 2, 2, 0, 2, 2, 2, 1, 2, 1, 1, 2, 1, 2, 2, 1, 2, 1, 1, 0, 1, 2, 2, 2, 2, 2, 1, 2, 1, 2, 1, 2, 2, 2, 2, 0, 1, 1, 2, 2, 0, 2, 2, 2, 0, 0, 0, 0, 2, 0, 0, 0, 0, 0, 0, 0, 0, 0, 0, 0, 0, 0, 0, 1, 0, 0, 0, 0, 1, 0, 0, 0, 0, 0, 0, 0, 0, 2, 0, 2, 1]",[],[],"['Jérôme Eltabet', 'Coralie Fargeat', 'Valentin Féron']","[0, 1, 2]",['Benjamin Kračun'],[2],"A fading celebrity decides to use a black market drug, a cell-replicating substance that temporarily creates a younger, better version of herself."
1064213.0,movie,tt28607951,Anora,Anora,768.016,7.1,2024-10-14,139,['US'],en,"[88152, 7493]","['Cre Film', 'FilmNation Entertainment']","['US', 'US']",6000000,33516549,"['Romance', 'Comedy', 'Drama']",['Sean Baker'],[2],"['Mikey Madison', 'Mark Eydelshteyn', 'Yura Borisov', 'Karren Karagulian', 'Vache Tovmasyan', 'Luna Sofía Miranda', 'Lindsey Normington', 'Darya Ekamasova', 'Aleksey Serebryakov', 'Anton Bitter', 'Ivy Wolk', 'Vlad Mamai', 'Maria Tichinskaya', 'Paul Weissman', 'Emily Weider', 'Vincent Radwinsky', 'Brittney Rodriguez', 'Sophia Carnabuci', 'Ella Rubin', 'Ross Brodar', 'Zoë Vnak', 'Morgan Charlton', 'Nazar Khamis', 'Charles Jang', 'Lana Svidonovich', 'Masha Zhak', 'Sebastian Conelli', 'Irina Finley', 'Mariana Orozco Arango', 'Artyom Trubnikov', 'Michael Sergio', 'Charlton Lamar', ""Mickey O'Hagan""]","[1, 2, 2, 2, 2, 1, 1, 1, 2, 2, 1, 0, 0, 2, 1, 2, 1, 1, 1, 2, 3, 0, 0, 2, 0, 0, 0, 0, 0, 0, 0, 2, 1]",[],[],['Sean Baker'],[2],['Drew Daniels'],[2],"A young sex worker from Brooklyn gets her chance at a Cinderella story when she meets and impulsively marries the son of an oligarch. Once the news reaches Russia, her fairytale is threatened as his parents set out to get the marriage annulled."
974576.0,movie,tt20215234,Conclave,Conclave,255.206,7.1,2024-10-25,120,['US'],en,"[7493, 9350, 112783]","['FilmNation Entertainment', 'Indian Paintbrush', 'House Productions']","['US', 'US', 'GB']",20000000,76443243,"['Drama', 'Mystery', 'Thriller']",['Edward Berger'],[2],"['Ralph Fiennes', 'Stanley Tucci', 'John Lithgow', 'Isabella Rossellini', 'Lucian Msamati', 'Carlos Diehz', 'Sergio Castellitto', ""Brían F. O'Byrne"", 'Merab Ninidze', 'Thomas Loibl', 'Jacek Koman', 'Bruno Novelli', 'Rony Kramer', 'Valerio Da Silva', 'Joseph Mydell', 'Vincenzo Failla', 'Garrick Hagon', 'Madhav Sharma', 'Loris Loddi', 'Roberto Citran', 'Antonio Toma', 'Balkissa Souley Maiga', 'Romuald Kłos', 'Willie Jonah']","[2, 2, 2, 1, 2, 2, 2, 2, 2, 2, 2, 2, 0, 2, 2, 0, 2, 2, 2, 2, 0, 1, 2, 2]",[],[],['Nick Emerson'],[2],['Stéphane Fontaine'],[2],"After the unexpected death of the Pope, Cardinal Lawrence is tasked with managing the covert and ancient ritual of electing a new one. Sequestered in the Vatican with the Catholic Church’s most powerful leaders until the process is complete, Lawrence finds himself at the center of a conspiracy that could lead to its downfall."
549509.0,movie,tt8999762,The Brutalist,The Brutalist,191.374,5.6,2024-12-20,215,['US'],en,"[237811, 236171, 153971, 19194, 9987, 215964, 236172, 171436, 242541]","['Brookstreet Pictures', 'Kaplan Morrison', 'Intake Films', 'Andrew Lauren Productions', 'Lipsync Productions', 'Richmond Pictures', 'Meyohas Studio', 'Carte Blanche', 'Pierce Capital Entertainment']","['GB', 'US', 'GB', 'US', 'GB', 'GB', 'US', 'US', 'US']",10000000,11712947,['Drama'],['Brady Corbet'],[2],"['Adrien Brody', 'Felicity Jones', 'Guy Pearce', 'Joe Alwyn', 'Stacy Martin', 'Raffey Cassidy', 'Alessandro Nivola', 'Emma Laird', 'Isaach de Bankolé', 'Jonathan Hyde', 'Peter Polycarpou', 'Maria Sand', 'Michael Epp', 'Benett Vilmányi', 'Salvatore Sansone', 'Ariane Labed', 'Charlie Esoko', 'Zephan Amissah', 'Dóra Sztarenki', 'Levente Orbán', 'Anna Mészöly', 'Abigél Szőke', 'Mariann Hermányi', 'Hermina Fátyol', 'Zsolt Páll', 'Daniel Washington', 'András Borgula', 'Dávid Puskás', 'Jeremy Wheeler', 'Jaymes Butler', 'Matt Devere', 'Natalie Shinnick', 'Stephen Saracco', 'Peter Linka', 'Robert Jackson']","[2, 1, 2, 2, 1, 1, 2, 1, 2, 2, 2, 0, 2, 2, 2, 1, 0, 0, 1, 0, 1, 1, 1, 1, 2, 0, 0, 0, 2, 2, 2, 1, 2, 2, 2]",[],[],['Dávid Jancsó'],[2],['Lol Crawley'],[2],"Escaping post-war Europe, visionary architect László Toth arrives in America to rebuild his life, his work, and his marriage to his wife Erzsébet after being forced apart during wartime by shifting borders and regimes. On his own in a strange new country, László settles in Pennsylvania, where the wealthy and prominent industrialist Harrison Lee Van Buren recognizes his talent for building. But power and legacy come at a heavy cost."
693134.0,movie,tt15239678,Dune: Part Two,Dune: Part Two,225.798,8.1,2024-02-27,167,['US'],en,[923],['Legendary Pictures'],['US'],190000000,714444358,"['Science Fiction', 'Adventure']",['Denis Villeneuve'],[2],"['Timothée Chalamet', 'Zendaya', 'Rebecca Ferguson', 'Javier Bardem', 'Josh Brolin', 'Austin Butler', 'Florence Pugh', 'Dave Bautista', 'Christopher Walken', 'Léa Seydoux', 'Stellan Skarsgård', 'Charlotte Rampling', 'Souheila Yacoub', 'Roger Yuan', 'Babs Olusanmokun', 'Alison Halstead', 'Giusi Merli', 'Kait Tenison', 'Tara Breathnach', 'Akiko Hitomi', 'Imola Gáspár', 'Alison Adnet', 'Hamza Baissa', 'Hassan Najib', 'Jasper Ryan-Carter', 'Elbooz Omar Ahmed Fathie', 'Abdelkarim Hussein Seli Mohamed Hassanin', 'Joseph Beddelem', 'Xavier Alba Royo', 'Rachid Abbad', 'Affif Ben Badra', 'Botond Bóta', 'Abdelaziz Boumane', 'Abdellah Echahbi', 'Zouhair Elakkari', 'Noureddine Hajoujou', 'Mohamed Mouraoui', 'Adil Achraf Sayd', 'Hamza Sayd', 'Hopi Grace', 'Havin Fathi', 'Kincsö Pethö', 'Cat Simmons', 'Burt Caesar', 'Remi Fadare', 'Amer El-Erwadi', 'Tedroy Newell', 'Oxa Hazel', 'Hajiyeva Pakiza', 'Leon Herbert', 'Sima Rostami', 'Yvonne Campbell', 'Joseph Charles', 'Vic Zander', 'Dylan Baldwin', 'Marcia Tucker', 'Nicola Brome', 'Kathy Owen', 'Huw Novelli', 'Moe Bar-El', 'Serhat Metin', 'Amra Mallassi', 'Adam Bloom', 'Luis Alkmim', 'Jordan Long', 'Omar A.K.', 'Zdeněk Dvořáček', 'Billy Clements', 'Anton Valensi', 'Lex Daniel', 'Dominic McHale', 'Paul Boyle', 'Niall White', 'Tony Cook', 'Gábor Szemán', 'Jonathan Gunning', 'Will Irvine', 'Alan Mehdizadeh', 'Rex Adams', 'Molly Mcowan', 'Ana Cilas', 'Kajsa Mohammar', 'Sára Bácsfalvi', 'Zsófia Kocsis', 'Matthew Sim', 'Steve Wall', 'Italo Amerighi', 'Tim Hilborne', 'Cecile Sinclair', 'Tracy Coogan', 'Zoe Kata Kaska', 'Jimmy Walker', 'Rand Faris', 'Fouad Humaidan', 'Manaf Irani', 'Dora Kápolnai-Schvab', 'Joelle', 'Anya Taylor-Joy', 'Peter Sztojanov Jr.']","[2, 1, 1, 2, 2, 2, 1, 2, 2, 1, 2, 1, 1, 2, 2, 1, 1, 1, 1, 1, 1, 1, 2, 2, 2, 2, 2, 2, 2, 2, 2, 2, 2, 2, 2, 2, 2, 2, 2, 1, 1, 1, 1, 2, 1, 2, 2, 1, 1, 2, 1, 1, 2, 2, 2, 1, 1, 1, 2, 2, 2, 2, 2, 2, 2, 2, 2, 2, 2, 2, 2, 2, 2, 2, 2, 2, 2, 2, 1, 1, 1, 1, 1, 1, 2, 2, 2, 2, 1, 1, 1, 2, 1, 2, 2, 1, 1, 1, 2]","['Denis Villeneuve', 'Jon Spaihts']","[2, 2]",['Joe Walker'],[0],['Greig Fraser'],[2],"Follow the mythic journey of Paul Atreides as he unites with Chani and the Fremen while on a path of revenge against the conspirators who destroyed his family. Facing a choice between the love of his life and the fate of the known universe, Paul endeavors to prevent a terrible future only he can foresee."
974950.0,movie,tt20221436,Emilia Pérez,Emilia Pérez,316.388,7.271,2024-08-21,132,['FR'],fr,"[729, 7981, 83, 11779, 237344, 139680, 171148, 209127, 1926, 200642, 80698, 11924, 79192]","['Why Not Productions', 'Pathé', 'France 2 Cinéma', 'Page 114', 'Saint Laurent Productions', 'Saint Laurent', 'Library Pictures International', 'Logical Content Ventures', 'Les Films du Fleuve', 'The Veterans', 'Vixens', 'Casa Kafka Pictures', 'Pimienta Films']","['FR', 'FR', 'FR', 'FR', 'FR', 'FR', 'US', 'FR', 'BE', 'US', 'FR', 'BE', 'MX']",26885000,11481729,"['Drama', 'Thriller']",['Jacques Audiard'],[2],"['Karla Sofía Gascón', 'Zoe Saldaña', 'Selena Gomez', 'Adriana Paz', 'Edgar Ramírez', 'Mark Ivanir', 'Eduardo Aladro', 'Emiliano Hasan', 'Gaël Murgia-Fur', 'Tirso Pietriga', 'Xiomara Ahumada Quito', 'Magali Brito', 'Jarib dit Javier Zagoya Montiel', 'Sébastien Fruit', 'Alejandra Reyes', 'Anabel Lopez', 'Daniel Velasco-Acosta', 'James Gerard', 'Braulio Gómez Bernal', 'Stéphane Ly-Cuong', 'Tulika Srivastava', 'Johanna Rebolledo Marin', 'Alejandra Díaz Ambrosi', 'Karla Lazo', 'Gabriela Ceceña', 'Lucile Chriqui', 'Sarah Gfeller', 'Luis Gabriel Gonzalez', 'Loïc Percheron Lazo', 'Rosario Zamora', 'Nathalia Saucedo', 'Monica Ortiz', 'Marysol Cordourier', 'Alonso Venegas-Flores', 'Ana Laura Fortuit', 'Jonas Paz-Benavides', 'Tiphanie Ham', 'Benjamin Díaz Espinoza', 'Holly-Rose Clegg', 'Kalvin Winson', 'Lou Justine Moua Nédellec', 'Michaël Charny', 'Mohammed Ali Ismail', 'Katie Valentine', 'Zelda Rittner', 'Eric Geynes', 'Silvia Herraiz', 'Ángel Romero', 'Eduardo Lubo', 'Manuel Sol Mateo', 'Théo Guarin', 'Lucas Varoclier', 'Agathe Bokja', 'Chun-Ting Lin', 'Line Phé', 'Shuuko Calderón', 'Paul Kai Te']","[1, 1, 1, 1, 2, 2, 2, 2, 0, 0, 1, 1, 0, 0, 1, 1, 2, 2, 2, 2, 1, 1, 1, 1, 1, 1, 1, 2, 0, 1, 1, 1, 1, 0, 1, 2, 1, 2, 1, 2, 1, 2, 2, 1, 0, 2, 1, 2, 2, 2, 0, 0, 1, 1, 1, 0, 0]",[],[],['Juliette Welfling'],[1],['Paul Guilhaume'],[2],"Rita, an underrated lawyer working for a large law firm more interested in getting criminals out of jail than bringing them to justice, is hired by the leader of a criminal organization."
1028196.0,movie,tt23055660,Nickel Boys,Nickel Boys,46.946,6.5,2024-12-13,140,['US'],en,"[41, 81, 8469, 10039]","['Orion Pictures', 'Plan B Entertainment', 'Louverture Films', 'Anonymous Content']","['US', 'US', 'US', 'US']",23200000,1844982,['Drama'],['RaMell Ross'],[2],"['Ethan Herisse', 'Brandon Wilson', 'Aunjanue Ellis-Taylor', 'Hamish Linklater', 'Gralen Bryant Banks', 'Fred Hechinger', 'Jimmie Fails', 'Luke Tennie', 'Bryan Gael Guzman', 'Ethan Cole Sharp', 'Daveed Diggs', 'Sam Malone', 'Najah Bradley', 'Jase Stidwell', 'Legacy Jones', ""Ky'druis Follins"", 'Gabrielle Simone Johnson', 'Peter Gabb', 'Bill Martin Williams', 'Ellison Booker', 'Taraja Ramsess', 'Zachary Van Zandt', 'Zach Primo', 'Sean Papajohn', 'Sean Tyrik', 'Bryant Tardy', 'Trey Perkins', 'Robert Aberdeen', 'Escalante Lundy', 'Noah Craig', ""Ja'Quan Monroe-Henderson"", 'Mike Harkins', 'Nicholas Stevens', 'Rachel Whitman Groves', 'Billy Slaughter', 'Lucy Faust', 'Tanyell Waivers', 'Craig Tate', 'Sara Osi Scott', 'LeBaron Foster Thornton', 'Bash Luks', 'Martin Luther King Jr.', 'Sidney Poitier', 'Tony Curtis']","[2, 2, 1, 2, 2, 2, 2, 2, 0, 2, 2, 2, 1, 0, 0, 0, 0, 0, 0, 0, 2, 0, 0, 0, 0, 2, 0, 2, 2, 0, 2, 0, 0, 1, 2, 0, 1, 0, 1, 2, 2, 2, 2, 2]","['RaMell Ross', 'Joslyn Barnes']","[2, 1]",['Nicholas Monsour'],[2],['Jomo Fray'],[2],Chronicles the powerful friendship between two young Black teenagers navigating the harrowing trials of reform school together in Florida.
661539.0,movie,tt11563598,A Complete Unknown,A Complete Unknown,110.006,7.284,2024-12-18,140,['US'],en,"[123328, 167684, 99132, 138755, 246289, 127929]","['Veritas Entertainment Group', 'Range Media Partners', 'The Picture Company', 'Turnpike Films', 'White Water', 'Searchlight Pictures']","['US', 'US', 'US', 'US', '', 'US']",65000000,75417260,"['Drama', 'Music']",['James Mangold'],[2],"['Timothée Chalamet', 'Edward Norton', 'Elle Fanning', 'Monica Barbaro', 'Joe Tippett', 'Eriko Hatsune', 'Peter Gray Lewis', 'Peter Gerety', 'Lenny Grossman', 'David Wenzel', 'Scoot McNairy', 'Riley Hashimoto', 'Eloise Peyrot', 'Maya Feldman', 'Dan Fogler', 'Reza Salazar', 'James Austin Johnson', 'David Alan Basche', 'Joshua Henry', 'Norbert Leo Butz', 'Alaina Surgener', 'Martin Fisher', 'Craig Geraghty', 'Michael Everett Johnson', 'Jater Webb', 'Boyd Holbrook', 'Andy Talen', 'Andrew Kober', 'Eric Berryman', 'Molly Jobe', 'Sophia Feldman', 'Taylor Valentine Lupini', 'P.J. Byrne', 'Nick Pupo', 'Brendan Burke', 'Laura Kariuki', 'Zoe Zien', 'Kevyn Morrow', 'Andy Grotelueschen', 'Jonathan Spivey', 'Cilda Shaur', 'Clark Carmichael', 'Will Harrison', 'Taylor Goodwyn', 'Arthur Langlie', 'Michael Chernus', 'Jordan Goodsell', 'Eli Brown', 'Big Bill Morganfield', 'Liam Craig', 'Charlie Tahan', 'Ian Kagey', 'Dave Maulbeck', 'Lorin Doctor', 'Aidan Close', 'Irina Chelidze', 'Jenna Veal', 'Joshua Flinchbaugh', 'Cameron G. Quevedo', 'Alexis Felix', 'Will Price', 'Sunny Vinsavich', 'Kayli Carter', 'Steve Bell', 'Malcolm Gold', 'Patrick Phalen', 'Douglas Marriner', 'Justin Levine', 'Mark Whitfield, Jr.', 'Joshua Crumbley', 'Felix Lemerle', 'Malick Koly', 'Andre Chez Lewis', 'Jimmy Caltrider', 'Kyle A. Sanna', 'Patrick M. Dennis', 'Nick Baxter', 'Alan Murray', 'Mark Gross', 'Andy Stein', 'Jean Rohe', 'Farley Rene', 'Junior Cius', 'Travis Patton', 'Victor Sho', 'Vincent Mp Filliatre', 'Amos J. Machanic', 'Sunny Jain', 'James Archie Worley', 'Jon Gennari', 'Stephen Carter Carlsen', 'Bridget McGarry', 'Michael Lepre']","[2, 2, 1, 1, 2, 1, 2, 2, 0, 0, 2, 0, 0, 0, 2, 2, 2, 2, 2, 2, 1, 2, 0, 0, 0, 2, 0, 2, 2, 1, 0, 1, 2, 0, 2, 1, 0, 2, 2, 2, 1, 2, 2, 1, 2, 2, 2, 0, 0, 2, 2, 0, 0, 1, 2, 0, 0, 0, 0, 0, 2, 0, 1, 0, 0, 0, 0, 0, 0, 0, 0, 0, 0, 0, 0, 0, 2, 0, 0, 0, 0, 0, 2, 0, 0, 0, 0, 0, 0, 2, 2, 0, 2]","['Jay Cocks', 'James Mangold']","[2, 2]","['Andrew Buckland', 'Scott Morris']","[2, 0]",['Phedon Papamichael'],[2],"New York, early 1960s. Against the backdrop of a vibrant music scene and tumultuous cultural upheaval, an enigmatic 19-year-old from Minnesota arrives in the West Village with his guitar and revolutionary talent, destined to change the course of American music."
1000837.0,movie,tt14961016,I'm Still Here,Ainda Estou Aqui,90.321,7.802,2024-09-19,137,['BR'],pt,"[346, 393, 30666, 94, 2429, 205328]","['VideoFilmes', 'MACT Productions', 'RT Features', 'ARTE France Cinéma', 'Conspiração Filmes', 'Globoplay']","['BR', 'FR', 'BR', 'FR', 'BR', 'BR']",1480000,13566374,"['Drama', 'History']",['Walter Salles'],[2],"['Fernanda Torres', 'Selton Mello', 'Fernanda Montenegro', 'Valentina Herszage', 'Luiza Kozovski', 'Guilherme Silveira', 'Bárbara Luz', 'Pri Helena', 'Cora Ramalho', 'Dan Stulbach', 'Carla Ribas', 'Maeve Jinkings', 'Humberto Carrão', 'Maitê Padilha', 'Luiz Bertazzo', 'Camila Márdila', 'Thelmo Fernandes', 'Augusto Trainotti', 'Olívia Torres', 'Antonio Saboia', 'Maria Manoella', 'Marjorie Estiano', 'Gabriela Carneiro da Cunha', 'Helena Albergaria', 'Daniel Dantas', 'Charles Fricks', 'Lourinelson Vladmir', 'Caio Horowicz', 'Bernardo Bibancos', 'Aguida Aguiar', 'Daniel Ericsson', 'Renan Lima', 'Luana Nastas', 'Isadora Ruppert', 'Dan Stulbach', 'Antonio Furtado', 'Fagundes Emanuel', 'Matheus Canto', 'Pedro Passarelli', 'Mônica Braga', 'Giulia Passarelli', 'Angela Chieregati Passarelli', 'Lucas Santos', 'Felipe Nehab', 'Félix Salles', 'Manoel Taborda', 'Theo Hoffmeister', 'João Gabriel Frapolli', 'Lucas Zampa', 'Alexandre Mello', 'Thadeu Matos', 'Hugo Camizão', 'Otavio Linhares', 'Leo Mac-Dowell', 'Rafaela Mell', 'João Júnior', 'Denis Sauer', 'Marcelo Várzea', 'Aguida Aguiar', 'Daniel de Almeida', 'Alan Rocha', 'Philipp Lavra', 'Ângela Ribeiro', 'Camilla Flores', 'Luisa Taborda', 'Mayra Coelho', 'Ingrid Oliveira', 'Kauã Rodríguez', 'Laura Araujo', 'Daniel Pereira', 'Tainá Andrade', 'Cid Moreira', 'Carolina Borelli']","[1, 2, 1, 1, 1, 0, 1, 1, 1, 2, 1, 1, 2, 1, 0, 1, 2, 2, 1, 2, 1, 1, 1, 1, 2, 2, 2, 2, 2, 0, 0, 2, 1, 1, 2, 0, 0, 0, 0, 0, 0, 0, 0, 0, 0, 0, 0, 0, 0, 0, 0, 0, 2, 0, 0, 0, 0, 2, 0, 0, 2, 0, 1, 0, 0, 0, 0, 0, 0, 0, 0, 2, 0]","['Murilo Hauser', 'Walter Salles', 'Heitor Lorega']","[0, 2, 0]",['Affonso Gonçalves'],[2],['Adrian Teijido'],[2],"In the early 1970s, the military dictatorship in Brazil reaches its height. The Paiva family - Rubens, Eunice, and their five children - live in a beachside house in Rio, open to all their friends. One day, Rubens is taken for questioning and does not return."
1155828.0,movie,tt28479262,Sing Sing,Sing Sing,60.818,7.4,2024-07-12,107,['US'],en,"[22146, 140678, 86459]","['Black Bear Pictures', 'Edith Productions', 'Marfa Peach Company']","['US', 'US', 'US']",2000000,3401789,['Drama'],['Greg Kwedar'],[2],"['Colman Domingo', 'Clarence Maclin', 'Sean San Jose', 'Paul Raci', 'David ""Dap"" Giraudy', 'Patrick ""Preme"" Griffin', 'Mosi Eagle', 'James ""Big E"" Williams', 'Sean Dino Johnson', 'Brent Buell', 'Michael Capra', 'Joanna Chan', 'Cecily Lyn', 'Johnny Simmons', 'Katherine Vockins', 'Reynaldo Gayle', 'Sharon Washington', 'Dario Peña', 'Miguel Valentin', 'Jon Adrian ""JJ"" Velazquez', 'Pedro Cotto', 'Camillo ""Carmine"" LoVacco', 'Cornell ""Nate"" Alston', 'John Divine G Whitfield']","[2, 2, 0, 2, 0, 0, 0, 0, 0, 0, 0, 0, 0, 2, 0, 0, 1, 0, 0, 0, 0, 0, 0, 0]","['Greg Kwedar', 'Clint Bentley']","[2, 2]",['Parker Laramie'],[2],['Patrick Scola'],[2],"Divine G, imprisoned at Sing Sing for a crime he didn't commit, finds purpose by acting in a theatre group alongside other incarcerated men in this story of resilience, humanity, and the transformative power of art."
1182047.0,movie,tt8368368,The Apprentice,The Apprentice,88.528,6.9,2024-10-09,122,['US'],en,"[34886, 5056, 25954, 61011, 64293, 23459, 225876, 2801, 1898, 52059]","['Gidden Media', 'Head Gear Films', 'Metrol Technology', 'Scythia Films', 'Profile Pictures', 'Tailored Films', 'Film Institute', 'Film i Väst', 'Fís Éireann/Screen Ireland', 'RocketScience']","['US', 'GB', 'GB', 'CA', 'DK', 'IE', 'DK', 'SE', 'IE', 'GB']",16000000,17272520,"['Drama', 'History']",['Ali Abbasi'],[2],"['Sebastian Stan', 'Jeremy Strong', 'Maria Bakalova', 'Martin Donovan', 'Catherine McNally', 'Charlie Carrick', 'Patch Darragh', 'Stuart Hughes', 'Eoin Duffy', 'Chloe Madison', 'Ben Sullivan', 'Mark Rendall', 'Joe Pingue', 'Jim Monaco', 'Bruce Beaton', 'Ian D. Clark', ""Valerie O'Connor"", 'James Madge', 'Ron Lea', 'Edie Inksetter', 'Michael Hough', 'Robert J. Tavenor', 'Raechel Fisher', 'Stefanie Martino', 'Randy Thomas', 'Myron Ron Reider', 'Sharon Wilcox', 'Jai Jai Jones', 'James Downing', 'Charlie Seminerio', 'Joshua Michael St. John', 'Tom Barnett', 'Jason Blicker', 'Frank Moore', 'Jaclyn Vogl', 'Benny Shilling', 'Chris Owens', 'Nabil Traboulsi', 'Sam Rosenthal', 'Brie Watson', 'Luke Robinson', 'Clare Coulter', 'Craig Burnatowski', 'Lorne Monroe', 'Peter Deiwick', 'Ben Ball', 'Iona Rose Mackay', 'Samantha Espie', 'Emily Mitchell', 'Craig Warnock', 'Kerry Ann Doherty', 'Erik Snider', 'Chris Gleason', 'Taylor Bernier', 'Mishka Thébaud', 'Domingos Andrade', 'Dina Roudman', 'Rick Hughes', 'Russell Yuen', 'Michael Gordin Shore', 'Matt Baram', 'Aidan Gouveia', 'Gavin Pounds', 'Tammy Boundy', 'Katie Garyfalakis', 'Don Saxon', 'Salvatore Marcellino', 'Marvin Karon', 'Moni Ogunsuyi', 'Duane Keogh', 'Brad Austin', 'Kate Wheeler', 'Fiona Mongillo', 'Daniel Goldenberg', 'Mary Krohnert', 'Taylor Brunatti', 'Addyson Douglas', 'Emma Elle Paterson', 'James Lucas Cruikshank', 'Henos Girma', 'Elliot Hunter Self', 'Ross Cameron Bruce Fraser', 'Eamon Bernard Fraser', 'Niamh Carolan', 'Michelle Doiron', 'Drew Catherine', 'Dion Yorkie', 'Sebb Argo', 'Miles Carney', 'David Yee', 'Richard Nixon', 'Ronald Reagan']","[2, 2, 1, 2, 1, 2, 2, 2, 2, 1, 2, 2, 2, 0, 2, 2, 1, 0, 2, 1, 2, 2, 0, 0, 2, 0, 0, 2, 2, 0, 0, 2, 2, 2, 1, 0, 2, 0, 0, 0, 2, 1, 2, 0, 0, 0, 0, 1, 1, 2, 0, 0, 2, 0, 2, 0, 0, 2, 2, 2, 2, 2, 2, 0, 0, 2, 0, 0, 1, 2, 2, 0, 0, 0, 1, 0, 1, 1, 0, 0, 0, 0, 0, 1, 1, 1, 0, 0, 0, 0, 2, 2]",['Gabriel Sherman'],[2],"['Olivia Neergaard-Holm', 'Olivier Bugge Coutté']","[1, 2]",['Kasper Tuxen'],[2],"A young Donald Trump, eager to make his name as a hungry scion of a wealthy family in 1970s New York, comes under the spell of Roy Cohn, the cutthroat attorney who would help create the Donald Trump we know today. Cohn sees in Trump the perfect protégé—someone with raw ambition, a hunger for success, and a willingness to do whatever it takes to win."
1013850.0,movie,tt21823606,A Real Pain,A Real Pain,220.363,6.9,2024-11-01,90,['US'],en,"[138287, 99366, 113962, 218445, 148963]","['Fruit Tree', 'Topic Studios', 'Extreme Emotions', 'Rego Park', 'Mazowiecki i Warszawski Fundusz Filmowy']","['US', 'US', 'PL', 'US', 'PL']",0,9814110,"['Comedy', 'Drama']",['Jesse Eisenberg'],[2],"['Jesse Eisenberg', 'Kieran Culkin', 'Will Sharpe', 'Jennifer Grey', 'Kurt Egyiawan', 'Liza Sadovy', 'Daniel Oreskes', 'Ellora Torchia', 'Banner Eisenberg', 'Olha Bosova', 'Jakub Gąsowski', 'Piotr Czarniecki', 'Krzysztof Jaszczak', 'Marek Kasprzyk', 'Jakub Pruski']","[2, 2, 2, 1, 2, 1, 2, 1, 0, 1, 0, 2, 0, 2, 2]",[],[],['Robert Nassau'],[0],['Michał Dymek'],[0],Mismatched cousins David and Benji reunite for a tour through Poland to honor their beloved grandmother. The adventure takes a turn when the pair's old tensions resurface against the backdrop of their family history.
1211472.0,movie,tt28082769,September 5,September 5,63.916,6.6,2024-11-07,95,['US'],en,"[120797, 174772, 47, 103125]","['BerghausWöbke Filmproduktion', 'Projected Picture Works', 'Constantin Film', 'Edgar Reitz Filmproduktion']","['DE', 'US', 'DE', 'DE']",0,852000,"['Drama', 'Thriller', 'History']",['Tim Fehlbaum'],[2],"['John Magaro', 'Leonie Benesch', 'Peter Sarsgaard', 'Ben Chaplin', 'Zinedine Soualem', 'Georgina Rich', 'Corey Johnson', 'Marcus Rutherford', 'Daniel Adeosun', 'Benjamin Walker', 'Ferdinand Dörfler', 'Solomon Mousley', 'Caroline Ebner', 'Daniel Betts', 'Leif Eduard Eisenberg', 'Sebastian Jehkul', 'Rony Herman', 'Jeff Book', 'Robert Porter Templeton', 'Stephen Fraser', 'Leon Dragoi', 'Doris Meier', 'Mark Ruppel', 'Christine Ulrich', 'Günther Wernhard', 'Antje Westermann', 'Harry Waterstone', 'Andreas Honold', 'Stefan Mittermaier', 'Miguel Abrantes Ostrowski', 'Kim Hanfland', 'David Iselin', 'Nikita Borisov', 'Karolina Gabinger', 'Robert Glade', 'Immanuel Rahman', 'Paul Böhme', 'Brendan Todd', 'Dirk Schepanek', 'Saeid Yazdani', 'Matthias Schum', 'Stiev Neubert', 'Rafael Peña']","[2, 1, 2, 2, 2, 1, 2, 2, 0, 2, 2, 0, 1, 2, 0, 0, 2, 0, 2, 0, 0, 0, 0, 0, 0, 1, 0, 0, 0, 2, 0, 0, 0, 0, 0, 0, 0, 0, 0, 0, 0, 0, 0]",[],[],['Hansjörg Weißbrich'],[2],['Markus Förderer'],[2],"During the 1972 Munich Olympics, an American sports broadcasting crew finds itself thrust into covering the hostage crisis involving Israeli athletes."
426063.0,movie,tt5040012,Nosferatu,Nosferatu,1515.687,6.61,2024-12-25,133,['US'],en,"[10146, 77863, 41641, 239430]","['Focus Features', 'Studio 8', 'Maiden Voyage Pictures', 'Birch Hill Road Entertainment']","['US', 'US', 'US', 'US']",50000000,166411000,"['Horror', 'Fantasy']",['Robert Eggers'],[2],"['Lily-Rose Depp', 'Nicholas Hoult', 'Bill Skarsgård', 'Aaron Taylor-Johnson', 'Willem Dafoe', 'Emma Corrin', 'Ralph Ineson', 'Simon McBurney', 'Adéla Hesová', 'Milena Konstantinova', 'Stacy Thunes', 'Gregory Gudgeon', 'Robert Russell', 'Curtis Matthew', 'Claudiu Trandafir', 'Georgina Bereghianu', 'Jordan Haj', 'Kateřina Bílá', 'Maria Ion', 'Tereza Dušková', 'Liana Navrot', 'Mihai Verbintschi', 'Karel Dobrý', 'Andrei Sergeev', 'Matěj Beneš', 'Marek Pospíchal', 'Jan Filipenský', 'Alex East', 'Christian Dunckley Clark', 'Andrea Miltner', 'Robin Finesilver', 'Paul Maynard', 'Charles Horne', 'Ella Bernstein', 'Meredith Digings']","[1, 2, 2, 2, 2, 3, 2, 2, 1, 1, 1, 2, 2, 2, 2, 1, 2, 1, 0, 1, 0, 2, 2, 0, 0, 2, 2, 0, 2, 1, 0, 2, 0, 1, 0]",[],[],['Louise Ford'],[1],['Jarin Blaschke'],[2],"A gothic tale of obsession between a haunted young woman and the terrifying vampire infatuated with her, causing untold horror in its wake."
1038263.0,movie,tt22893404,Maria,Maria,79.147,6.7,2024-11-27,122,['US'],en,"[128344, 1618, 7493, 21546, 74933, 251288]","['The Apartment Pictures', 'Komplizen Film', 'FilmNation Entertainment', 'Fabula', 'Pioneer Stillking', 'Orange Films']","['IT', 'DE', 'US', 'CL', 'HU', 'FR']",0,504938,"['Drama', 'Music']",['Pablo Larraín'],[2],"['Angelina Jolie', 'Pierfrancesco Favino', 'Alba Rohrwacher', 'Haluk Bilginer', 'Kodi Smit-McPhee', 'Stephen Ashfield', 'Valeria Golino', 'Caspar Phillipson', 'Lydia Koniordou', 'Vincent Macaigne', 'Aggelina Papadopoulou', 'Erofili Panagiotarea', 'Jörg Westphal', 'Philipp Droste', 'Alessandro Bressanello', 'Paul Spera', 'Kay Madsen', 'Lyes Salem', 'Christophe Favre', 'Hugo Dillon', 'Lidia Zelikmann Kauders', 'Toma Hrisztov', 'Botond Bartus', 'Rebecka Johnston', 'Lili Walters', 'Jeremy Wheeler', 'János Geréb', 'Andrew Hefler', 'Bálint Magyar', 'Patrick McCullough', 'Francis McBurney', 'Christiana Aloneftis', 'Miklós Béres', 'Lorena Santana-Somogyi', 'Tímea Kása', 'Kembe Sorel', 'András Sütö', 'Suzie Kennedy', 'Viktor Mitev', 'Maria Callas', 'Aristotle Onassis']","[1, 2, 1, 2, 2, 0, 1, 2, 1, 2, 1, 0, 2, 2, 2, 2, 0, 2, 2, 2, 1, 0, 0, 1, 1, 2, 2, 2, 2, 0, 2, 0, 2, 1, 0, 2, 2, 1, 0, 1, 0]",[],[],['Sofía Subercaseaux'],[1],['Edward Lachman'],[2],"Maria Callas, the world's greatest opera singer, lives the last days of her life in 1970s Paris, as she confronts her identity and life."
558449.0,movie,tt9218128,Gladiator II,Gladiator II,1088.76,6.8,2024-11-05,148,['US'],en,"[4, 221347, 246486]","['Paramount Pictures', 'Scott Free Productions', 'Lucy Fisher/Douglas Wick Productions']","['US', 'US', 'US']",310000000,458718000,"['Action', 'Adventure', 'Drama']",['Ridley Scott'],[2],"['Paul Mescal', 'Denzel Washington', 'Pedro Pascal', 'Connie Nielsen', 'Joseph Quinn', 'Fred Hechinger', 'Lior Raz', 'Derek Jacobi', 'Peter Mensah', 'Matt Lucas', 'Alexander Karim', 'Yuval Gonen', 'Richard McCabe', 'Tim McInnerny', 'Alec Utgoff', 'Rory McCann', 'Yann Gael', 'Riana Duce', 'Alfie Tempest', 'Amira Ghazalla', 'Abdelmoula Ait Sidi Lhassan', 'Mouaiz El Outmany', 'Brahim Assagour', 'Alexander Simkin', 'Richard Katz', 'David Ganly', 'Anton Saliba', 'Amal Ayouch', 'Hadrian Howard', 'Chidi Ajufo', 'Lee Charles', 'Christopher Edward Hallaways', 'Chi Lewis-Parry', 'Ángel Gómez De La Torre', 'Brahim Ait Ben Azzouz', 'Maxime Rauf Ruijselaar', 'Sana El Baghdady', 'Nadia El Masnaoui', 'Nisrine Machat', 'Maud Oulhen', 'Estelle Courret', 'Line Ancel', 'Sixtine Gignoux', 'Igor Badnjar', 'Romi Debart', 'Arnaud Préchac', 'Tom Moutchi', 'Dean Fagan', 'May Calamawy']","[2, 2, 2, 1, 2, 2, 2, 2, 2, 2, 2, 1, 2, 2, 2, 2, 2, 1, 2, 1, 0, 0, 0, 0, 2, 2, 0, 1, 2, 2, 2, 2, 2, 2, 2, 2, 0, 0, 0, 0, 0, 1, 1, 0, 0, 2, 2, 2, 1]",['David Scarpa'],[2],"['Claire Simpson', 'Sam Restivo']","[1, 2]",['John Mathieson'],[2],"Years after witnessing the death of the revered hero Maximus at the hands of his uncle, Lucius is forced to enter the Colosseum after his home is conquered by the tyrannical Emperors who now lead Rome with an iron fist. With rage in his heart and the future of the Empire at stake, Lucius must look to his past to find strength and honor to return the glory of Rome to its people."
1184918.0,movie,tt29623480,The Wild Robot,The Wild Robot,635.509,8.356,2024-09-12,102,['US'],en,[521],['DreamWorks Animation'],['US'],78000000,324816010,"['Animation', 'Action', 'Science Fiction', 'Family']",['Chris Sanders'],[2],"[""Lupita Nyong'o"", 'Pedro Pascal', 'Kit Connor', 'Bill Nighy', 'Stephanie Hsu', 'Matt Berry', 'Ving Rhames', 'Mark Hamill', ""Catherine O'Hara"", 'Boone Storm', 'Alexandra Novelle', 'Raphael Alejandro', 'Paul-Mikél Williams', 'Eddie Park', 'Dee Bradley Baker', 'Randy Thom', 'Avrielle Corti', 'Keston John', 'Max Mittelman', 'Piotr Michael', 'Alessandro Beghi', 'Tiago Martinez', 'Becca Last', 'Madelyn Turpin', 'Kayleigh Rayne', 'Isabelle Tupin', 'Beckett Blomberg', 'Damon Fung', 'King Moore', 'Collin Erker']","[1, 2, 2, 2, 1, 2, 2, 2, 1, 2, 1, 2, 2, 2, 2, 2, 1, 2, 2, 2, 2, 2, 1, 1, 1, 1, 2, 2, 2, 2]",['Chris Sanders'],[2],['Mary Blee'],[1],[],[],"After a shipwreck, an intelligent robot called Roz is stranded on an uninhabited island. To survive the harsh environment, Roz bonds with the island's animals and cares for an orphaned baby goose."
989662.0,movie,tt21097228,A Different Man,A Different Man,66.811,7.109,2024-08-24,112,['US'],en,"[41077, 1422, 107116]","['A24', 'Killer Films', 'Grand Motel Films']","['US', 'US', 'US']",0,1169365,"['Comedy', 'Drama']",['Aaron Schimberg'],[2],"['Sebastian Stan', 'Renate Reinsve', 'Adam Pearson', 'Miles G. Jackson', 'Patrick Wang', 'Neal Davidson', 'Jed Rapfogel', 'Marc Geller', 'James Foster, Jr.', 'JJ McGlone', 'Sergio Delavicci', 'Lawrence Arancio', 'Billy Griffith', 'John Klacsmann', 'Cosmo Bjorkenheim', 'John Keating', 'C. Mason Wells', 'Corey Taylor', 'Danielle Burgos', 'Sammy Mena', 'Jon Dieringer', 'Malachi Weir', 'David Joseph Regelmann', 'Nina Marie White', 'Dena Winter', 'Peter D. Straus', 'Cameron Steinfeld', 'Marley Ficalora', 'Cornelius Horgan', 'Doug Barron', 'Stephee Bonifacio', 'Allan Anthony Smith', 'Trenton Hudson', 'Sean Berman', 'Annelise Ogaard', 'Juney Smith', 'Lucy Kaminsky', 'Owen Kline', 'Jarvis Tomdio', 'Ethan Lusk', 'Karoline', 'Liana Runcie', 'Bruce Kitzmeyer', 'Martin Ewens', 'Caroline Golum', 'Eleanore Pienta', 'Hanna Edizel', 'Charlie Korsmo', 'Michael Shannon', 'Christopher Spurrier', 'Katie Takahashi', 'Vanessa McDonnell', 'Rory McGuire', 'Alison Midstokke', 'John Hewson', 'Chrissie Riedhofer', 'Mikaela Moody', 'Emma Easton', 'Aaron Schimberg']","[2, 1, 2, 2, 2, 2, 0, 2, 0, 0, 2, 2, 2, 2, 2, 2, 2, 1, 0, 0, 0, 2, 0, 0, 0, 0, 0, 0, 0, 2, 0, 2, 0, 0, 0, 2, 0, 2, 0, 0, 1, 0, 0, 0, 0, 1, 0, 2, 2, 2, 0, 1, 0, 0, 0, 0, 1, 0, 2]",[],[],['Taylor Levy'],[2],['Wyatt Garfield'],[2],"Aspiring actor Edward undergoes a radical medical procedure to drastically transform his appearance. But his new dream face quickly turns into a nightmare, as he loses out on the role he was born to play and becomes obsessed with reclaiming what was lost."
977326.0,movie,tt20316978,Elton John: Never Too Late,Elton John: Never Too Late,10.664,6.029,2024-11-15,102,"['GB', 'US']",en,"[140972, 28320, 8185]","['This Machine Filmworks', 'Rocket Pictures', 'Submarine Entertainment']","['US', 'GB', 'US']",0,0,"['Documentary', 'Music']","['R. J. Cutler', 'David Furnish']","[2, 2]","['Elton John', 'Bernie Taupin', 'Dua Lipa', 'John Lennon', 'David Furnish']","[2, 2, 1, 2, 2]",[],[],[],[],[],[],"Sir Elton John looks back on his life and the astonishing early days of his 50-year career in this emotionally charged, full-circle journey. As he prepares for his final concert in North America at Dodger Stadium, Elton takes us back in time and recounts his struggles with adversity, abuse, and addiction, and how he overcame them to become the icon he is today."
1061699.0,movie,tt24458622,The Six Triple Eight,The Six Triple Eight,97.757,7.7,2024-12-06,130,['US'],en,"[3096, 551, 188436, 188437]","['Tyler Perry Studios', 'Mandalay Pictures', 'Her Excellency Productions', 'Intuition Productions']","['US', 'US', 'US', 'US']",0,0,"['Drama', 'War', 'History']",['Tyler Perry'],[2],"['Kerry Washington', 'Sam Waterston', 'Susan Sarandon', 'Oprah Winfrey', 'Ebony Obsidian', 'Shanice Williams', 'Kylie Jefferson', 'Sarah Jeffery', 'Pepi Sonuga', 'Milauna Jackson', 'Jay Reeves', 'Jeanté Godlock', 'Moriah Brown', 'Baadja-Lyne Odums', 'Gregg Sulkin', 'Dean Norris', 'Austin Nichols', 'Ben VanderMey', 'Nick Harris', 'Scott Daniel Johnson', 'Jeffery Thomas Johnson', 'Brian Kurlander', 'James E Hammond']","[1, 2, 1, 1, 1, 1, 1, 1, 1, 1, 2, 1, 1, 1, 2, 2, 2, 2, 0, 0, 2, 2, 0]",[],[],['Maysie Hoy'],[1],['Michael Watson'],[0],"During World War II, the US Army's only all-Black, all-women battalion takes on an impossible mission: sorting through a three-year backlog of 17 million pieces of mail that hadn't been delivered to American soldiers and finish within six months."
945961.0,movie,tt18412256,Alien: Romulus,Alien: Romulus,370.187,7.2,2024-08-13,119,['US'],en,"[127928, 221347, 401]","['20th Century Studios', 'Scott Free Productions', 'Brandywine Productions']","['US', 'US', 'US']",80000000,350865342,"['Horror', 'Science Fiction']",['Fede Álvarez'],[2],"['Cailee Spaeny', 'David Jonsson', 'Archie Renaux', 'Isabela Merced', 'Spike Fearn', 'Aileen Wu', 'Rosie Ede', 'Soma Simon', 'Bence Okeke', 'Viktor Orizu', 'Robert Bobroczkyi', 'Trevor Newlin', 'Annemarie Griggs', 'Daniel Betts']","[1, 2, 2, 1, 2, 1, 1, 0, 0, 0, 2, 2, 0, 2]",[],[],['Jake Roberts'],[2],['Galo Olivares'],[2],"While scavenging the deep ends of a derelict space station, a group of young space colonizers come face to face with the most terrifying life form in the universe."
799766.0,movie,tt14260836,Better Man,Better Man,53.607,7.53,2024-12-14,135,['US'],en,"[52059, 210311, 207375, 248431, 198764, 204763, 246927, 248432, 249191]","['RocketScience', 'Facing East Entertainment', 'Sina Studios', 'Lost Bandits', 'Footloose Productions', 'VicScreen', 'RPW Productions', 'Azure Centrum', 'Partizan Films']","['GB', 'CN', 'CN', 'US', 'AU', 'AU', 'GB', 'AU', 'US']",110000000,17153403,"['Music', 'Comedy', 'Drama']",['Michael Gracey'],[2],"['Robbie Williams', 'Jonno Davies', 'Raechelle Banno', 'Damon Herriman', 'Steve Pemberton', 'Alison Steadman', 'Kate Mulvany', 'Frazer Hadfield', 'Tom Budge', 'Anthony Hayes', 'Jake Simmance', 'Jesse Hyde', 'Carter J. Murphy', 'Liam Head', 'Chase Vollenweider', 'Rose Flanagan', 'Sebastian Sero', 'Asmara Feik', 'Leo Harvey-Elledge', 'Chris Gun', 'John Lloyd Fillingham', 'Dalip Sondhi', 'Olivia Fildes', 'Milijana Cancar', 'Karina Banno', 'Sandra Githinji', 'Elyssia Koulouris', 'David Woods', 'Nick Nicolas', 'Michelle Brasier', 'John Waters']","[2, 2, 1, 2, 2, 1, 1, 2, 2, 2, 2, 2, 2, 2, 2, 1, 2, 1, 2, 2, 2, 2, 1, 1, 1, 0, 0, 0, 0, 1, 2]",[],[],"['Lee Smith', 'Jeff Groth', 'Spencer Susser', 'Martin Connor', 'Patrick Correll']","[2, 2, 2, 2, 2]",['Erik Wilson'],[2],"Follow Robbie Williams' journey from childhood, to being the youngest member of chart-topping boyband Take That, through to his unparalleled achievements as a record-breaking solo artist – all the while confronting the challenges that stratospheric fame and success can bring."
653346.0,movie,tt11389872,Kingdom of the Planet of the Apes,Kingdom of the Planet of the Apes,192.958,7.1,2024-05-08,145,['US'],en,"[127928, 133024, 89254]","['20th Century Studios', 'Oddball Entertainment', 'Jason T. Reed Productions']","['US', 'US', 'US']",160000000,397378150,"['Science Fiction', 'Adventure', 'Action']",['Wes Ball'],[2],"['Owen Teague', 'Freya Allan', 'Kevin Durand', 'Peter Macon', 'William H. Macy', 'Eka Darville', 'Travis Jeffery', 'Lydia Peckham', 'Neil Sandilands', ""Ras-Samuel Welda'abzgi"", 'Sara Wiseman', 'Kaden Hartcher', 'Andy McPhee', 'Nina Gallas', 'Samuel Falé', 'Dichen Lachman', 'Virginie Laverdure', 'Markus Hamilton', 'Benjamin Scott', 'Nirish Bhat Surambadka', 'Frances Berry', 'Peter Hayes', 'Sheree da Costa', 'Souleymane Diasse', 'Olga Miller', 'Dmitriy Miller', 'Anastasia Miller', 'Michael Spudic', 'Karin Konoval', 'Terry Notary', 'Mitchell Roach']","[2, 1, 2, 2, 2, 2, 2, 1, 2, 2, 1, 2, 2, 1, 2, 1, 1, 2, 2, 2, 1, 2, 1, 2, 1, 2, 1, 0, 1, 2, 2]",[],[],"['Dan Zimmerman', 'Dirk Westervelt']","[2, 2]",['Gyula Pados'],[2],"Several generations following Caesar's reign, apes – now the dominant species – live harmoniously while humans have been reduced to living in the shadows. As a new tyrannical ape leader builds his empire, one young ape undertakes a harrowing journey that will cause him to question all he's known about the past and to make choices that will define a future for apes and humans alike."
1214499.0,movie,tt30227076,Black Box Diaries,Black Box Diaries,17.989,7.7,2024-10-24,103,"['JP', 'US', 'GB']",ja,"[90125, 218057, 108191, 191842]","['STAR SANDS', 'HanasH Film', 'Cineric Creative', 'Spark Features']","['JP', '', 'US', 'US']",0,0,['Documentary'],['Shiori Itō'],[1],"['Shiori Itō', 'Noriyuki Yamaguchi', 'Shinzo Abe']","[1, 0, 2]",[],[],['Ema Ryan Yamazaki'],[1],['Yuta Okamura'],[0],"Journalist Shiori Itō embarks on a courageous investigation of her own sexual assault in an improbable attempt to prosecute her high-profile offender. Her quest becomes a landmark case in Japan, exposing the country’s outdated judicial and societal systems."
1232493.0,movie,tt30953759,No Other Land,لا أرض أخرى,16.441,8.041,2024-11-01,96,"['NO', 'PS']",ar,"[221555, 93323]","['Yabayay Media', 'Antipode Films']","['PS', 'NO']",0,0,['Documentary'],"['Rachel Szor', 'Yuval Abraham', 'Hamdan Ballal', 'Basel Adra']","[1, 0, 0, 0]","['Basel Adra', 'Yuval Abraham', 'Farisa Abu Aram', 'Nasser Adra', 'Harun Abu Aram', 'Kifah Adara']","[0, 0, 1, 0, 0, 0]",[],[],"['Basel Adra', 'Yuval Abraham', 'Hamdan Ballal', 'Rachel Szor']","[0, 0, 0, 1]",['Rachel Szor'],[1],This film made by a Palestinian-Israeli collective shows the destruction of the occupied West Bank's Masafer Yatta by Israeli soldiers and the alliance which develops between the Palestinian activist Basel and Israeli journalist Yuval.
1214527.0,movie,tt30294282,Porcelain War,Porcelain War,8.984,8.0,2024-11-22,87,"['AU', 'UA', 'US']",en,"[215345, 242655, 242657, 242658, 242659, 242660]","['Imaginary Lane', 'Songbird Studios', ""Bob's Your Uncle"", 'Far Star Media', 'Sobrato Philanthropies', 'Cayton Goldrich Family Foundation']","['US', 'AU', '', 'US', 'US', 'US']",0,0,['Documentary'],"['Slava Leontyev', 'Brendan Bellomo']","[0, 0]","['Slava Leontyev', 'Anya Stasenko', 'Andrey Stefanov']","[0, 0, 0]",[],[],"['Kelly Cameron', 'Aniela Sidorska', 'Brendan Bellomo']","[0, 0, 0]",['Andrey Stefanov'],[0],"Under roaring fighter jets and missile strikes, Ukrainian artists Slava, Anya, and Andrey choose to stay behind and fight, contending with the soldiers they have become. Defiantly finding beauty amid destruction, they show that although it’s easy to make people afraid, it’s hard to destroy their passion for living."
1214539.0,movie,tt14452174,Soundtrack to a Coup d'État,Soundtrack to a Coup d'État,10.296,7.7,2024-09-11,150,['BE'],fr,"[135075, 223734, 6725, 114055, 34574, 792, 12025]","['Onomatopee Films', 'Warboys Films', 'Zap-O-Matik', 'ZKM Karlsruhe', 'BALDR', 'RTBF', 'VRT']","['BE', 'FR', 'BE', '', 'NL', 'BE', 'BE']",0,210501,"['Documentary', 'History']",['Johan Grimonprez'],[2],"['Patrice Lumumba', 'Louis Armstrong', 'Dizzy Gillespie', 'Abbey Lincoln', 'Max Roach', 'Nina Simone', 'John Coltrane', 'Duke Ellington', 'Nikita Khrushchev', 'Malcolm X', 'Miriam Makeba', 'Dwight D. Eisenhower', 'Andrée Blouin', 'René Magritte', 'Allen Dulles', 'In Koli Jean Bofane', 'Gamal Abdel Nasser', 'Fidel Castro', 'Conor Cruise O’Brien']","[2, 2, 2, 1, 2, 1, 2, 2, 2, 2, 1, 2, 0, 2, 2, 0, 2, 2, 2]",[],[],['Rik Chaubet'],[0],[],[],"In 1960, United Nations: the Global South ignites a political earthquake, musicians Abbey Lincoln and Max Roach crash the Security Council, Nikita Khrushchev bangs his shoe denouncing America’s color bar, while the U.S. dispatches jazz ambassador Louis Armstrong to the Congo to deflect attention from its first African post-colonial coup."
1158874.0,movie,tt30319854,Sugarcane,Sugarcane,16.291,6.667,2024-08-09,107,"['CA', 'US']",en,"[14909, 169960, 181566, 113751]","['Impact Partners', 'Fit Via Vi', 'Kassie Films', 'Hedgehog Films, Inc.']","['US', 'US', 'US', 'US']",0,60091,['Documentary'],"['Emily Kassie', 'Julian Brave NoiseCat']","[1, 2]","['Julian Brave NoiseCat', 'Willie Sellars', 'Charlene Belleau', 'Ed Archie Noisecat', 'Chief Willie Sellars']","[2, 0, 0, 0, 0]",[],[],"['Nathan Punwar', 'Maya Daisy Hawke']","[0, 1]","['Christopher LaMarca', 'Emily Kassie']","[0, 1]",An investigation into abuse and missing children at an Indian residential school in Canada ignites a reckoning on the nearby Sugarcane Reserve.
823219.0,movie,tt4772188,Flow,Straume,564.849,8.374,2024-08-29,85,['LV'],lv,"[153335, 12433, 101516, 94, 792]","['Dream Well Studio', 'Sacrebleu Productions', 'Take Five', 'ARTE France Cinéma', 'RTBF']","['LV', 'FR', 'BE', 'FR', 'BE']",3500000,11019823,"['Animation', 'Fantasy', 'Adventure']",['Gints Zilbalodis'],[2],[],[],"['Matīss Kaža', 'Gints Zilbalodis']","[2, 2]",['Gints Zilbalodis'],[2],['Gints Zilbalodis'],[2],"A solitary cat, displaced by a great flood, finds refuge on a boat with various species and must navigate the challenges of adapting to a transformed world together."
1022789.0,movie,tt22022452,Inside Out 2,Inside Out 2,474.484,7.57,2024-06-11,97,['US'],en,"[2, 3]","['Walt Disney Pictures', 'Pixar']","['US', 'US']",200000000,1698778437,"['Animation', 'Adventure', 'Comedy', 'Family']",['Kelsey Mann'],[2],"['Amy Poehler', 'Maya Hawke', 'Kensington Tallman', 'Liza Lapira', 'Tony Hale', 'Lewis Black', 'Phyllis Smith', 'Ayo Edebiri', 'Lilimar', 'Grace Lu', 'Sumayyah Nuriddin-Green', 'Adèle Exarchopoulos', 'Diane Lane', 'Kyle MacLachlan', 'Paul Walter Hauser', 'Yvette Nicole Brown', 'Ron Funches', 'James Austin Johnson', 'Yong Yea', 'Steve Purcell', 'Dave Goelz', 'Kirk R. Thatcher', 'Frank Oz', 'Paula Pell', 'June Squibb', 'Pete Docter', 'Paula Poundstone', 'John Ratzenberger', 'Sarayu Blue', 'Flea', 'Bobby Moynihan', 'Kendall Coyne Schofield']","[1, 1, 1, 1, 2, 2, 1, 1, 1, 1, 1, 1, 1, 2, 2, 1, 2, 2, 2, 2, 2, 2, 2, 1, 1, 2, 1, 2, 1, 2, 2, 1]","['Meg LeFauve', 'Dave Holstein']","[1, 2]",['Maurissa Horwitz'],[1],"['Adam Habib', 'Jonathan Pytko']","[2, 2]","Teenager Riley's mind headquarters is undergoing a sudden demolition to make room for something entirely unexpected: new Emotions! Joy, Sadness, Anger, Fear and Disgust, who’ve long been running a successful operation by all accounts, aren’t sure how to feel when Anxiety shows up. And it looks like she’s not alone."
929204.0,movie,tt17163970,Wallace & Gromit: Vengeance Most Fowl,Wallace & Gromit: Vengeance Most Fowl,288.382,7.7,2024-12-18,79,['GB'],en,[297],['Aardman'],['GB'],0,191452,"['Animation', 'Comedy', 'Family', 'Adventure']","['Nick Park', 'Merlin Crossingham']","[2, 2]","['Ben Whitehead', 'Peter Kay', 'Lauren Patel', 'Reece Shearsmith', 'Diane Morgan', 'Adjoa Andoh', 'Muzz Khan', 'Lenny Henry', 'Victoria Elliott', 'Jon Glover', 'Bethany Mary-James', 'Richard Beek', 'David Holt', 'Adrian Rhodes', 'John Sparkes', 'Maya Sondhi', 'Tom Doggart', 'Merlin Crossingham', 'Lizzie Waterworth', 'Roman Kemp', 'Garth Jennings']","[2, 2, 1, 2, 1, 1, 2, 2, 1, 2, 1, 0, 2, 2, 2, 1, 0, 2, 0, 2, 2]",['Mark Burton'],[2],['Dan Hembery'],[0],['Dave Alex Riddett'],[0],"Gromit’s concern that Wallace is becoming too dependent on his inventions proves justified, when Wallace invents a “smart” gnome that seems to develop a mind of its own. When it emerges that a vengeful figure from the past might be masterminding things, it falls to Gromit to battle sinister forces and save his master… or Wallace may never be able to invent again!"
1064486.0,movie,tt23770030,Memoir of a Snail,Memoir of a Snail,565.294,7.621,2024-10-17,94,['AU'],en,"[15780, 7584]","['Arenamedia', 'Screen Australia']","['AU', 'AU']",4350000,1189972,"['Animation', 'Drama', 'Comedy']",['Adam Elliot'],[2],"['Sarah Snook', 'Kodi Smit-McPhee', 'Jacki Weaver', 'Magda Szubanski', 'Dominique Pinon', 'Tony Armstrong', 'Paul Capsis', 'Eric Bana', 'Bernie Clifford', 'Davey Thompson', 'Charlotte Belsey', 'Mason Litsos', 'Nick Cave', 'Agnes Davison', 'Daniel Agdag', 'Saxon Wright', 'Selena Brennan', 'Adam Elliot', 'Smita Singh', 'Braiden Asciak', 'Dan Doherty', 'Alexander Esenarro Santafe', 'Hedley Elliot', 'Clancy Elliot', 'Grace Elliot', 'Luke Elliot', 'Jub Clerc', 'Craig Ross', 'Vicki Ross', 'David Williams', 'Klaus Banadinovich', 'Charlotte Culshaw', 'Ruby Davis', 'Beryl Downing', 'Wilhelmina Elliot', 'Owen Grieve', 'Alyssia Jade', 'Caleb Lee', 'Veronica Lynch', 'Jaylen Nagloo', 'Devanjana Rajesh', 'Ruth Relf', 'Roger Savage', 'Flynn Wandin', 'Andy Wright', 'Lee Yee']","[1, 2, 1, 1, 2, 2, 2, 2, 0, 0, 0, 0, 2, 0, 0, 2, 0, 2, 0, 0, 0, 0, 0, 0, 0, 2, 0, 0, 0, 0, 0, 0, 0, 0, 0, 0, 0, 0, 0, 0, 0, 0, 0, 2, 2, 0]",[],[],['Bill Murphy'],[2],['Gerald Thompson'],[2],"Forcibly separated from her twin brother when they are orphaned, a melancholic misfit learns how to find confidence within herself amid the clutter of misfortunes and everyday life."
1157132.0,movie,tt30835281,Beautiful Men,Beautiful Men,3.317,5.5,2023-10-14,19,"['BE', 'FR', 'NL']",nl,"[113999, 82153, 85060]","['Animal Tank', 'Miyu Productions', 'Ka-Ching Cartoons']","['BE', 'FR', 'NL']",0,0,"['Animation', 'Drama']",['Nicolas Keppens'],[0],"['Peter van den Begin', 'Peter De Graef', 'Tom Dewispelaere', 'Nayat Sari']","[2, 2, 2, 0]",[],[],[],[],['Maxim Hectors'],[0],"Three balding brothers travel to Istanbul to get a hair transplant. Stuck with each other in a hotel far from home, their insecurities grow faster than their hair."
1156619.0,movie,tt28768883,In the Shadow of the Cypress,در سایه سرو,2.115,6.2,2023-08-30,20,['IR'],xx,[208097],['Barfak Animation Studio'],['IR'],0,0,"['Animation', 'Drama']","['Hossein Molayemi', 'Shirin Sohani']","[0, 0]",['Zahra Moosavi'],[0],[],[],['Hossein Molayemi'],[0],[],[],"A former captain, suffering from post-traumatic stress disorder, lives with his daughter in a humble house located by the sea. Together, they live an isolated life and have to confront the challenges of a harsh life. Despite the captain’s deep desire to be a devoted and caring father, he finds himself unable to fulfill his role and connect with his daughter in the way that he longs to. One morning, their lives change forever when an unforeseen event occurs. Whether this event proves to be a newfound source of hope or an additional burden remains to be seen."
1249728.0,movie,tt31888603,Magic Candies,あめだま,3.307,6.7,2024-03-02,21,['JP'],ja,"[67224, 5542]","['DandeLion Animation Studio', 'Toei Animation']","['JP', 'JP']",0,0,"['Animation', 'Fantasy']",['Daisuke Nishio'],[2],"['Haruto Shima', 'Hiroshi Iwasaki', 'Kazuhiro Yamaji', 'Ikkei Watanabe', 'Sakiko Uran']","[2, 2, 2, 2, 1]",['Ichiro Takano'],[0],"['Shigeru Nishiyama', 'Maki Sendo']","[2, 1]",[],[],"The other kids never ask Dong-Dong to play, but he’s fine just playing marbles on his own. Until one day, he buys a bag of colorful candies and begins to discover new voices and perspectives."
1156605.0,movie,tt28768679,Wander to Wonder,Wander to Wonder,2.874,6.6,2024-02-03,14,"['BE', 'FR', 'NL', 'GB']",en,"[31137, 67254, 80335, 50109, 75242, 210694]","['Circe Films', 'Kaap Holland Film', 'Beast Animation', 'Blink Industries', 'Pictanovo', 'Les Productions de Milou']","['NL', 'NL', 'BE', 'GB', 'FR', 'FR']",0,0,['Animation'],['Nina Gantz'],[0],"['Neil Salvage', 'Toby Jones', 'Amanda Lawrence', 'Terence Dunn']","[0, 2, 1, 0]",[],[],[],[],[],[],"In the 1980s, Mary, Billybud, and Fumbleton starred in the children's television program Wander to Wonder. They are left alone in the studio after the show's originator passed away."
1220646.0,movie,tt28356173,Yuck!,Beurk !,5.916,6.8,2024-02-15,14,['FR'],fr,"[94752, 163404]","['Ikki Films', 'Iliade et Films']","['FR', 'FR']",0,0,"['Animation', 'Comedy', 'Romance']",['Loïc Espuche'],[0],"['Noé Chabbat', 'Katell Varvat', 'Enzo Desmedt', 'Camille Bouisson', 'Hugo Chauvel', 'Roman Freud', 'Mattias Marcussy', 'Mokhtar Camara', 'Olivia Chatain', 'Théo Costa-Marini']","[2, 1, 0, 0, 0, 2, 0, 0, 0, 2]",[],[],[],[],[],[],"Yuck. Couples kissing on the mouth are gross. And the worst is, you can't miss them: when people are about to kiss, their lips become all pink and shiny. Little Léo laughs at them, just like all the kids at the summer camp. But he has a secret he won't tell his friends: his own mouth has actually begun glistening. And, in reality, Léo desperately wants to give kissing a try."
1337997.0,movie,tt27654431,Anuja,Anuja,0.001,10.0,2024-08-17,22,['US'],en,"[146009, 243428, 251374]","['Shine Global', 'Graves Films', 'Krushan Naik Films']","['US', 'US', '']",0,0,['Drama'],['Adam J. Graves'],[0],"['Sajda Pathan', 'Ananya Shanbhag', 'Nagesh Bhonsle', 'Gulshan Walia']","[0, 0, 2, 0]",[],[],"['Krushan Naik', 'Adam J. Graves']","[2, 0]",['Akash Raje'],[2],"When a gifted 9-year-old girl, Anuja, who works in a garment factory in Delhi, India is offered a once-in-a-lifetime chance to attend school, she is forced to make a heart-wrenching decision that will determine her and her sister Palak's fate."
1316292.0,movie,tt15802124,The Last Ranger,The Last Ranger,4.716,5.2,2024-02-08,27,['ZA'],xh,"[247677, 246347, 4964, 247679]","['Jotola Productions', 'Six Feet Films', 'Star Films S.A.', 'The Bingeable Network']","['', '', 'ES', '']",0,0,['Drama'],['Cindy Lee'],[0],"['Liyabona Mroqoza', 'Avumile Qongqo', 'David S. Lee', 'Makhaola Ndebele', 'Kamogelo Ndawo', 'Waldemar Schultz', 'Sikhumbuzo Sibisis', 'Nompumelo Vanqa']","[0, 1, 2, 2, 0, 0, 0, 0]",[],[],['Gugulethu Sibandze'],[0],[],[],"When young Litha is introduced to the magic of a game reserve by the last remaining ranger, they are ambushed by poachers. In the ensuing battle to save the rhinos, Litha discovers a terrible secret."
1118941.0,movie,tt27655666,A Lien,A Lien,2.7,7.1,2023-01-23,15,['US'],en,[252060],['Lefty Films'],[''],0,0,['Drama'],"['David Cutler-Kreutz', 'Sam Cutler-Kreutz']","[2, 2]","['Victoria Ratermanis', 'William Martinez', 'Koralyn Rivera', 'Jennifer Bergum', 'Mike Aquilino', 'Lauren Lattimore', 'Scott Broughton', 'Stephen Thomas Shore', 'Tyler Joseph', 'Wendy Susan Hammer', 'Max Gordon', 'Vince Fazio', 'Amsale Lake', 'Sydney Afriyie', 'Francois Bessing', 'Leilani Cartledge', 'David Castano', 'Jayandra Chiluwal', 'Maggie Connick', 'Caleigh Evan Duboff', 'David Ranan Ellner', 'Calliope George', 'Roger Hervas', 'Sink Lindsay', 'Sophia Loesner', 'Nate Lyles', 'Mark Mangan', 'Travis John Martin']","[1, 2, 0, 0, 0, 0, 2, 2, 0, 1, 0, 0, 0, 0, 0, 0, 0, 0, 0, 0, 0, 0, 0, 0, 0, 0, 0, 2]",[],[],['Caitlin Carr'],[1],['Andrea Gavazzi'],[0],"On the day of their green card interview, a young couple confronts a dangerous immigration process."
1279229.0,movie,tt20519854,The Man Who Could Not Remain Silent,Čovjek koji nije mogao šutjeti,6.67,7.5,2024-05-24,14,"['BG', 'HR', 'SI', 'FR']",hr,"[81053, 224070, 110996, 83640]","['Antitalent', 'Contrast Films', 'Les Films Norfolk', 'Studio Virc']","['HR', 'BG', 'FR', 'SI']",0,0,"['Drama', 'History']",['Nebojša Slijepčević'],[2],"['Goran Bogdan', 'Alexis Manenti', 'Silvio Mumelaš', 'Dragan Mićanović', 'Lara Nekić', 'Priska Ugrina', 'Dušan Gojić', 'Nebojša Pop-Tasić', 'Martin Kuhar', 'Jakov Zovko', 'Mijo Pavelko', 'Robert Ugrina', 'Damir Markovina', 'Antonio Nuić']","[2, 2, 0, 2, 1, 0, 0, 0, 0, 0, 0, 2, 0, 0]",[],[],['Tomislav Stojanović'],[0],['Gregor Božič'],[2],"The film follows a passenger train traveling from Belgrade in Serbia to Bar in Montenegro. The train is stopped by armed Serbian paramilitary forces at a small station in Štrpci in Bosnia and Herzegovina. Having received a tip off that there are Muslim passengers on the train, they found 19 of them, took them off the train, and executed them shortly after the train departed. About 500 passengers witnessed the event, but no one dared to stand up to them, except for one man, a retired military officer Tomo Buzov, on his way to visit his son."
1178556.0,movie,tt19837932,I'm Not a Robot,Ik ben geen robot,4.006,6.6,2023-09-23,23,"['BE', 'NL']",nl,"[81868, 208651, 208652]","['OAK Motion Pictures', 'Y-house Films', 'FLOW Postproduction']","['NL', '', '']",0,0,"['Comedy', 'Drama', 'Science Fiction', 'Thriller']",['Victoria Warmerdam'],[1],"['Ellen Parren', 'Henry van Loon', 'Thekla Reuten', 'Juliette van Ardenne', 'Asma El Mouden', 'Sophie Höppener', 'Joep Vermolen', 'Sieger Sloot']","[1, 2, 1, 1, 1, 0, 0, 2]",[],[],['Michiel Boesveldt'],[0],['Martijn van Broekhuizen'],[2],A music producer spirals into an existential crisis after repeatedly failing a CAPTCHA test-leading her to question whether she might actually be a robot.
1356881.0,movie,tt33385063,Death by Numbers,Death by Numbers,1.774,0.0,2024-10-05,33,['US'],en,"[13046, 862, 109347, 161406, 153886]","['Cuomo Cole Productions', 'The Kennedy/Marshall Company', 'K.A. Snyder Productions', 'World of HA Productions', 'Foothill Productions']","['', 'US', '', 'US', 'US']",0,0,['Documentary'],['Kim A. Snyder'],[1],[],[],[],[],"['Zachary Obid', 'Galen Summer', 'Luis Alvarez y Alvarez', 'María Gabriela Torres']","[0, 2, 2, 0]",[],[],"Four years after being shot with an AR-15 in her high school, Samantha Fuentes reckons with existential questions of hatred and justice as she prepares to confront her shooter."
1300245.0,movie,tt31556921,"I Am Ready, Warden","I Am Ready, Warden",0.001,5.9,2024-02-21,37,['US'],en,"[128035, 147938]","['Meralta Films', 'MTV Documentary Films']","['US', 'US']",0,0,['Documentary'],['Smriti Mundhra'],[0],"['John Henry Ramirez', 'Aaron Castro']","[2, 0]",[],[],"['Jennifer Tiexiera', 'Dan Sadowsky']","[1, 0]",['Rafael Roy'],[0],"In the days leading up to his execution, Texas death row prisoner John Henry Ramirez seeks redemption from his victim's son; an elegy about the death penalty where a prisoner seeks forgiveness."
1108462.0,movie,tt27990245,Incident,Incident,2.389,7.9,2023-04-25,30,['US'],en,"[45908, 237549]","['Hypnotic Pictures', 'Invisible Institute']","['US', '']",0,0,['Documentary'],['Bill Morrison'],[2],[],[],[],[],['Bill Morrison'],[2],[],[],"Chicago, 2018. A man is killed by police on the street. Through a composite montage of images from surveillance and security footage as well as police body-cams, Incident recreates the event and its consequences, featuring vain justifications, altercations and attempts to avoid blame. Bill Morrison delivers a chilling political investigation in search of the truth."
1284874.0,movie,tt32280470,Instruments of a Beating Heart,Instruments of a Beating Heart,1.97,6.9,2024-06-14,23,"['JP', 'US']",ja,"[108191, 15505, 32686]","['Cineric Creative', 'NHK', 'The New York Times']","['US', 'JP', 'US']",0,0,['Documentary'],['Ema Ryan Yamazaki'],[1],[],[],[],[],['Mizuki Toriya'],[1],[],[],"First graders in a Tokyo public elementary school are presented with a challenge for the final semester: performing “Ode to Joy” at the ceremony for the new incoming first graders. Ayame, who often struggles to keep up with the group, is determined to play a major part — the big drum."
1195310.0,movie,tt29497240,The Only Girl in the Orchestra,The Only Girl in the Orchestra,6.516,6.1,2023-11-09,35,['US'],en,"[101910, 247674, 247675]","['New York Philharmonic', 'Mobworks', 'LFR INDUSTRIES']","['US', '', '']",0,0,['Documentary'],"[""Molly O'Brien""]",[1],"[""Orin O'Brien"", ""Molly O'Brien"", 'George O’Brien', 'Marguerite Churchill', 'Leonard Bernstein']","[1, 1, 2, 1, 2]",[],[],['Monique Zavistovski'],[1],['Martina Radwan'],[1],"Trailblazing double bassist Orin O'Brien never wanted the spotlight, but when Leonard Bernstein hired her in 1966 as the first female musician in the New York Philarmonic, it was inevitable that she would become the focus of much interest and fascination. Now 87 years old and recently retired, Orin looks back on her remarkable life and career, insisting that a fuss should not be made, much preferring to play a supporting role to the family, students, friends, and colleagues that surround her."
1232827.0,movie,tt10236164,The Girl with the Needle,Pigen med nålen,69.265,7.8,2024-09-06,123,"['DK', 'PL', 'SE']",da,"[51112, 327, 235, 129370, 2801, 167232, 228519]","['Lava Films', 'Nordisk Film Sweden', 'Nordisk Film Denmark', 'EC1 Łódź', 'Film i Väst', 'Dolnośląskie Centrum Filmowe', 'Lower Silesia Film Centre']","['PL', 'SE', 'DK', 'PL', 'SE', 'PL', 'PL']",0,47726,"['Drama', 'History', 'Thriller']",['Magnus von Horn'],[2],"['Vic Carmen Sonne', 'Trine Dyrholm', 'Besir Zeciri', 'Joachim Fjelstrup', 'Tessa Hoder', 'Ava Knox Martin', 'Ari Alexander', 'Søren Sætter-Lassen', 'Magnus von Horn', 'Anna Terpiłowska', 'Dan Jakobsen', 'Anna Tulestedt', 'Benedikte Hansen', 'Monika Kępka', 'Maciej Berezowski', 'Nela Łapka', 'Robert Trempski', 'Slawomir Macias', 'Gabriel Zubowski', 'Agnieszka Przyborowska-Mitrosz', 'Peter Sand Magnussen', 'Lars Ulrich Larsson', 'Thomas Kirk', 'Per Thiim Thim', 'Peter Secher Schmidt', 'Cordelia Majgaard', 'Tommy Wurtz Petersen', 'Liv Vilde Christensen', 'Lizzielou Corfixen', 'Petrine Agger', 'Ragnhild Kaasgaard', 'Clara Kokseby', 'Tone Suvi Ellegaard Ebbe', 'Jakob Højlev Jørgensen', 'Jonas Mikkelsen', 'Hector Engelbrecht', 'Torsten Sonne', 'Birgitte Marianne Krogh', 'Lasse Haastrup', 'Anders Hove', 'Helle Marianne Sommer']","[1, 1, 2, 2, 1, 0, 2, 2, 2, 1, 2, 1, 1, 0, 0, 0, 0, 0, 0, 0, 0, 0, 0, 0, 2, 0, 0, 0, 1, 1, 0, 1, 0, 2, 0, 0, 0, 0, 0, 2, 0]",[],[],['Agnieszka Glińska'],[0],['Michał Dymek'],[0],"Struggling to survive in post-WWI Copenhagen, a newly unemployed and pregnant young woman is taken in by a charismatic elder to help run an underground adoption agency. The two form an unexpected bond, until a sudden discovery changes everything."
1278263.0,movie,tt32178949,The Seed of the Sacred Fig,Les Graines du figuier sauvage,68.053,7.7,2024-09-18,167,['FR'],fr,"[217364, 228176, 94]","['Parallel 45', 'Run Way Pictures', 'ARTE France Cinéma']","['FR', 'DE', 'FR']",0,4137583,"['Drama', 'Thriller', 'Crime']",['Mohammad Rasoulof'],[2],"['Misagh Zare', 'Soheila Golestani', 'Mahsa Rostami', 'Setareh Maleki', 'Niousha Akhshi', 'Reza Akhlaghirad', 'Shiva Ordooie', 'Amineh Mazrouie Arani', 'Mohammad Kamal Alavi', 'Parisa Mohyedini', 'Barat Azimi']","[2, 1, 1, 1, 1, 2, 0, 0, 0, 0, 0]",['Mohammad Rasoulof'],[2],['Andrew Bird'],[2],['Pooyan Aghababaei'],[0],"Investigating judge Iman grapples with paranoia amid political unrest in Tehran. When his gun vanishes, he suspects his wife and daughters, imposing draconian measures that strain family ties as societal rules crumble."
